LSOA11CD,LSOA11NM,IMD14
W01001421,Caerphilly 022E,1
W01000240,Denbighshire 004E,2
W01000413,Wrexham 010C,3
W01001874,Cardiff 038D,4
W01001274,Rhondda Cynon Taf 013B,5
W01000991,Bridgend 001A,6
W01001428,Caerphilly 001E,7
W01001303,Merthyr Tydfil 006C,8
W01001222,Rhondda Cynon Taf 001E,9
W01001662,Newport 018D,10
W01000239,Denbighshire 004D,11
W01001659,Newport 018A,12
W01001884,Cardiff 013D,13
W01001308,Merthyr Tydfil 008D,14
W01001209,Rhondda Cynon Taf 008A,15
W01001473,Blaenau Gwent 003B,16
W01001238,Rhondda Cynon Taf 022C,17
W01001479,Blaenau Gwent 006D,18
W01000241,Denbighshire 004F,19
W01000237,Denbighshire 006B,20
W01000830,Swansea 011A,21
W01000921,Neath Port Talbot 011B,22
W01001339,Caerphilly 004D,23
W01001741,Cardiff 039E,24
W01001345,Caerphilly 021C,25
W01001871,Cardiff 037B,26
W01001955,Swansea 025F,27
W01001180,Rhondda Cynon Taf 015A,28
W01000862,Swansea 019A,29
W01001292,Merthyr Tydfil 004A,30
W01001740,Cardiff 039D,31
W01001299,Merthyr Tydfil 008A,32
W01000742,Swansea 016A,33
W01000832,Swansea 011B,34
W01001530,Torfaen 003C,35
W01001607,Newport 015A,36
W01001144,Rhondda Cynon Taf 012B,37
W01001880,Cardiff 013B,38
W01001738,Cardiff 039B,39
W01001704,Cardiff 041A,40
W01000863,Swansea 019B,41
W01001689,Newport 019D,42
W01000817,Swansea 009A,43
W01000992,Bridgend 001B,44
W01000833,Swansea 011C,45
W01001739,Cardiff 039C,46
W01001737,Cardiff 039A,47
W01001762,Cardiff 046D,48
W01000864,Swansea 019C,49
W01000867,Swansea 019F,50
W01001886,Cardiff 016D,51
W01000425,Wrexham 010E,52
W01001696,Cardiff 036C,53
W01000409,Wrexham 017E,54
W01000733,Carmarthenshire 026E,55
W01001876,Cardiff 037D,56
W01001928,Conwy 010H,57
W01001742,Cardiff 043A,58
W01001867,Cardiff 016B,59
W01001203,Rhondda Cynon Taf 009D,60
W01001300,Merthyr Tydfil 008B,61
W01001376,Caerphilly 001C,62
W01001708,Cardiff 045D,63
W01000866,Swansea 019E,64
W01001703,Cardiff 045B,65
W01001251,Rhondda Cynon Taf 024C,66
W01000601,Pembrokeshire 013B,67
W01001457,Blaenau Gwent 004D,68
W01001609,Newport 015B,69
W01001386,Caerphilly 002E,70
W01001174,Rhondda Cynon Taf 020C,71
W01000962,Neath Port Talbot 016D,72
W01001811,Cardiff 009A,73
W01001667,Newport 010C,74
W01001179,Rhondda Cynon Taf 023B,75
W01001459,Blaenau Gwent 007D,76
W01001617,Newport 003A,77
W01001536,Torfaen 009C,78
W01000886,Neath Port Talbot 017C,79
W01000606,Pembrokeshire 015B,80
W01001169,Rhondda Cynon Taf 004C,81
W01000336,Flintshire 009E,82
W01001095,The Vale of Glamorgan 007D,83
W01001807,Cardiff 007B,84
W01001857,Cardiff 042C,85
W01001883,Cardiff 016C,86
W01001699,Cardiff 049A,87
W01001364,Caerphilly 012B,88
W01001808,Cardiff 007C,89
W01000975,Bridgend 004A,90
W01001873,Cardiff 038C,91
W01001221,Rhondda Cynon Taf 001D,92
W01001661,Newport 018C,93
W01001173,Rhondda Cynon Taf 020B,94
W01001813,Cardiff 017D,95
W01001207,Rhondda Cynon Taf 006D,96
W01001202,Rhondda Cynon Taf 009C,97
W01000958,Neath Port Talbot 016B,98
W01000228,Denbighshire 004C,99
W01000236,Denbighshire 006A,100
W01001744,Cardiff 043C,101
W01000738,Swansea 014A,102
W01000098,Gwynedd 006C,103
W01000570,Pembrokeshire 005C,104
W01000091,Gwynedd 001D,105
W01001260,Rhondda Cynon Taf 014C,106
W01001422,Caerphilly 022F,107
W01000414,Wrexham 010D,108
W01001219,Rhondda Cynon Taf 018C,109
W01000144,Conwy 007C,110
W01001469,Blaenau Gwent 005F,111
W01000939,Neath Port Talbot 008D,112
W01000187,Conwy 002C,113
W01001652,Newport 002B,114
W01001400,Caerphilly 019F,115
W01000814,Swansea 008E,116
W01000981,Bridgend 016B,117
W01001619,Newport 003C,118
W01000810,Swansea 003D,119
W01001707,Cardiff 041C,120
W01001301,Merthyr Tydfil 008C,121
W01000934,Neath Port Talbot 008A,122
W01000896,Neath Port Talbot 013C,123
W01000631,Carmarthenshire 024D,124
W01000708,Carmarthenshire 025E,125
W01001361,Caerphilly 002B,126
W01001280,Rhondda Cynon Taf 017E,127
W01000353,Wrexham 010B,128
W01001694,Cardiff 036A,129
W01001666,Newport 010B,130
W01001276,Rhondda Cynon Taf 013D,131
W01001471,Blaenau Gwent 001E,132
W01000963,Neath Port Talbot 016E,133
W01001441,Blaenau Gwent 001B,134
W01001856,Cardiff 042B,135
W01001022,Bridgend 014B,136
W01001279,Rhondda Cynon Taf 028F,137
W01001519,Torfaen 007A,138
W01001396,Caerphilly 023D,139
W01000812,Swansea 008C,140
W01001055,Bridgend 007C,141
W01000835,Swansea 013E,142
W01001879,Cardiff 013A,143
W01001753,Cardiff 031C,144
W01000885,Neath Port Talbot 017B,145
W01001381,Caerphilly 010B,146
W01001788,Cardiff 023D,147
W01000935,Neath Port Talbot 008B,148
W01000511,Ceredigion 009E,149
W01000836,Swansea 011E,150
W01001746,Cardiff 041D,151
W01001881,Cardiff 013C,152
W01001267,Rhondda Cynon Taf 007C,153
W01001924,Carmarthenshire 026H,154
W01000304,Flintshire 003E,155
W01001687,Newport 014D,156
W01000090,Gwynedd 002D,157
W01000504,Powys 021D,158
W01001621,Newport 003E,159
W01001295,Merthyr Tydfil 002A,160
W01001201,Rhondda Cynon Taf 014B,161
W01001866,Cardiff 016A,162
W01000198,Denbighshire 011B,163
W01001266,Rhondda Cynon Taf 007B,164
W01001464,Blaenau Gwent 009A,165
W01000884,Neath Port Talbot 017A,166
W01001480,Blaenau Gwent 003E,167
W01000033,Isle of Anglesey 003E,168
W01001081,The Vale of Glamorgan 007A,169
W01001453,Blaenau Gwent 008D,170
W01000977,Bridgend 003B,171
W01000163,Conwy 009E,172
W01000592,Pembrokeshire 012D,173
W01001835,Cardiff 033F,174
W01001307,Merthyr Tydfil 004C,175
W01000849,Swansea 021A,176
W01000930,Neath Port Talbot 011D,177
W01001070,The Vale of Glamorgan 009C,178
W01000993,Bridgend 001C,179
W01001188,Rhondda Cynon Taf 001C,180
W01001073,The Vale of Glamorgan 015E,181
W01000234,Denbighshire 017G,182
W01001643,Newport 013B,183
W01001166,Rhondda Cynon Taf 016A,184
W01001239,Rhondda Cynon Taf 026B,185
W01001481,Blaenau Gwent 006E,186
W01000734,Carmarthenshire 026F,187
W01001334,Caerphilly 005A,188
W01001002,Bridgend 010D,189
W01001326,Caerphilly 003B,190
W01001698,Cardiff 036E,191
W01001255,Rhondda Cynon Taf 023E,192
W01000274,Flintshire 007B,193
W01000659,Carmarthenshire 026A,194
W01001785,Cardiff 023A,195
W01001488,Torfaen 001B,196
W01001942,Cardiff 049B,197
W01001064,The Vale of Glamorgan 013B,198
W01001483,Torfaen 002B,199
W01001668,Newport 010D,200
W01000600,Pembrokeshire 013A,201
W01001660,Newport 018B,202
W01001309,Merthyr Tydfil 008E,203
W01001215,Rhondda Cynon Taf 011C,204
W01001664,Newport 010A,205
W01001931,Wrexham 012G,206
W01000801,Swansea 006D,207
W01001142,Rhondda Cynon Taf 005F,208
W01000016,Isle of Anglesey 003A,209
W01001192,Rhondda Cynon Taf 031B,210
W01001633,Newport 019A,211
W01000964,Neath Port Talbot 016F,212
W01001414,Caerphilly 008A,213
W01001275,Rhondda Cynon Taf 013C,214
W01001288,Rhondda Cynon Taf 014G,215
W01000914,Neath Port Talbot 010C,216
W01000762,Swansea 013C,217
W01000834,Swansea 011D,218
W01001325,Caerphilly 003A,219
W01001371,Caerphilly 022A,220
W01001467,Blaenau Gwent 005D,221
W01001618,Newport 003B,222
W01001646,Newport 015E,223
W01000756,Swansea 017B,224
W01001057,Bridgend 006B,225
W01001526,Torfaen 010B,226
W01001681,Newport 006B,227
W01001693,Newport 013E,228
W01001375,Caerphilly 001B,229
W01000278,Flintshire 007D,230
W01000318,Flintshire 016F,231
W01001751,Cardiff 027D,232
W01001805,Cardiff 015C,233
W01000789,Swansea 016E,234
W01001097,The Vale of Glamorgan 007F,235
W01001067,The Vale of Glamorgan 009A,236
W01001451,Blaenau Gwent 007B,237
W01000029,Isle of Anglesey 003C,238
W01000296,Flintshire 003C,239
W01000182,Conwy 007D,240
W01001447,Blaenau Gwent 002B,241
W01001496,Torfaen 004B,242
W01001538,Torfaen 009D,243
W01001872,Cardiff 038B,244
W01001385,Caerphilly 002D,245
W01000831,Swansea 013D,246
W01001768,Cardiff 044E,247
W01001049,Bridgend 008C,248
W01000942,Neath Port Talbot 012C,249
W01001237,Rhondda Cynon Taf 022B,250
W01001810,Cardiff 017B,251
W01001282,Rhondda Cynon Taf 015C,252
W01001141,Rhondda Cynon Taf 005E,253
W01001019,Bridgend 005D,254
W01001468,Blaenau Gwent 005E,255
W01000382,Wrexham 012B,256
W01001503,Torfaen 009B,257
W01001210,Rhondda Cynon Taf 008B,258
W01001691,Newport 011D,259
W01001341,Caerphilly 020B,260
W01000333,Flintshire 009B,261
W01000041,Isle of Anglesey 006D,262
W01001465,Blaenau Gwent 009B,263
W01000844,Swansea 005F,264
W01001692,Newport 011E,265
W01000638,Carmarthenshire 007B,266
W01000184,Conwy 005E,267
W01000036,Isle of Anglesey 003F,268
W01000799,Swansea 010D,269
W01001217,Rhondda Cynon Taf 018A,270
W01000790,Swansea 016F,271
W01001150,Rhondda Cynon Taf 003B,272
W01001506,Torfaen 010A,273
W01001532,Torfaen 010E,274
W01001761,Cardiff 046C,275
W01001358,Caerphilly 006C,276
W01000149,Conwy 005A,277
W01000957,Neath Port Talbot 017D,278
W01001697,Cardiff 036D,279
W01001253,Rhondda Cynon Taf 023C,280
W01001620,Newport 003D,281
W01001482,Torfaen 002A,282
W01001855,Cardiff 042A,283
W01000924,Neath Port Talbot 011C,284
W01000335,Flintshire 009D,285
W01001705,Cardiff 045C,286
W01001035,Bridgend 014E,287
W01000213,Denbighshire 002A,288
W01001614,Newport 005A,289
W01001476,Blaenau Gwent 009D,290
W01000625,Carmarthenshire 013A,291
W01000744,Swansea 016B,292
W01000994,Bridgend 001D,293
W01000707,Carmarthenshire 025D,294
W01000856,Swansea 022D,295
W01000498,Powys 003A,296
W01001212,Rhondda Cynon Taf 008D,297
W01000976,Bridgend 003A,298
W01001946,Cardiff 049C,299
W01001750,Cardiff 031A,300
W01001803,Cardiff 015A,301
W01000788,Swansea 016D,302
W01001015,Bridgend 002B,303
W01001642,Newport 013A,304
W01001298,Merthyr Tydfil 002D,305
W01001911,The Vale of Glamorgan 012H,306
W01001406,Caerphilly 001D,307
W01001443,Blaenau Gwent 005A,308
W01001402,Caerphilly 011B,309
W01000900,Neath Port Talbot 014C,310
W01000288,Flintshire 004A,311
W01001094,The Vale of Glamorgan 007C,312
W01001885,Cardiff 011D,313
W01001525,Torfaen 003A,314
W01000951,Neath Port Talbot 018C,315
W01000378,Wrexham 004B,316
W01000406,Wrexham 013C,317
W01000483,Powys 009C,318
W01001020,Bridgend 002E,319
W01000729,Carmarthenshire 018C,320
W01001069,The Vale of Glamorgan 012C,321
W01001138,Rhondda Cynon Taf 005B,322
W01000895,Neath Port Talbot 013B,323
W01001348,Caerphilly 009A,324
W01000752,Swansea 002C,325
W01000017,Isle of Anglesey 003B,326
W01001601,Newport 006A,327
W01000936,Neath Port Talbot 012A,328
W01001766,Cardiff 044C,329
W01001456,Blaenau Gwent 004C,330
W01000739,Swansea 014B,331
W01000818,Swansea 009B,332
W01001352,Caerphilly 007A,333
W01000940,Neath Port Talbot 008E,334
W01001315,Merthyr Tydfil 004D,335
W01000811,Swansea 008B,336
W01000379,Wrexham 004C,337
W01001162,Rhondda Cynon Taf 025A,338
W01001868,Cardiff 022D,339
W01000937,Neath Port Talbot 013E,340
W01001332,Caerphilly 018C,341
W01001023,Bridgend 014C,342
W01000290,Flintshire 004B,343
W01001436,Blaenau Gwent 008B,344
W01001765,Cardiff 044B,345
W01001910,The Vale of Glamorgan 012G,346
W01001024,Bridgend 003C,347
W01001952,Cardiff 049F,348
W01000660,Carmarthenshire 026B,349
W01001501,Torfaen 009A,350
W01000186,Conwy 001E,351
W01000990,Bridgend 017B,352
W01001387,Caerphilly 007C,353
W01000960,Neath Port Talbot 017F,354
W01000929,Neath Port Talbot 020D,355
W01000745,Swansea 025B,356
W01000373,Wrexham 005B,357
W01000705,Carmarthenshire 022C,358
W01001079,The Vale of Glamorgan 012E,359
W01000328,Flintshire 011C,360
W01000967,Neath Port Talbot 019C,361
W01000178,Conwy 010E,362
W01000594,Pembrokeshire 012E,363
W01001529,Torfaen 003B,364
W01001466,Blaenau Gwent 009C,365
W01001206,Rhondda Cynon Taf 006C,366
W01001271,Rhondda Cynon Taf 010C,367
W01001418,Caerphilly 008E,368
W01000838,Swansea 004E,369
W01001895,Cardiff 010D,370
W01001333,Caerphilly 018D,371
W01000920,Neath Port Talbot 011A,372
W01001243,Rhondda Cynon Taf 030E,373
W01001232,Rhondda Cynon Taf 020D,374
W01001474,Blaenau Gwent 003C,375
W01000030,Isle of Anglesey 003D,376
W01001368,Caerphilly 019C,377
W01001690,Newport 013D,378
W01001862,Cardiff 042D,379
W01000741,Swansea 014D,380
W01000151,Conwy 005C,381
W01001393,Caerphilly 019D,382
W01001875,Cardiff 037C,383
W01001711,Cardiff 040C,384
W01001183,Rhondda Cynon Taf 021B,385
W01000059,Gwynedd 006A,386
W01000925,Neath Port Talbot 003B,387
W01001767,Cardiff 044D,388
W01000226,Denbighshire 004A,389
W01001630,Newport 017B,390
W01001287,Rhondda Cynon Taf 014F,391
W01000292,Flintshire 004C,392
W01001177,Rhondda Cynon Taf 009B,393
W01000478,Powys 009A,394
W01000392,Wrexham 003E,395
W01001185,Rhondda Cynon Taf 022A,396
W01000961,Neath Port Talbot 016C,397
W01001140,Rhondda Cynon Taf 005D,398
W01001516,Torfaen 006C,399
W01000711,Carmarthenshire 021E,400
W01001021,Bridgend 014A,401
W01001531,Torfaen 003D,402
W01000670,Carmarthenshire 018A,403
W01001546,Monmouthshire 002A,404
W01001302,Merthyr Tydfil 006B,405
W01001498,Torfaen 011B,406
W01000987,Bridgend 007B,407
W01001317,Merthyr Tydfil 005C,408
W01001014,Bridgend 002A,409
W01001577,Monmouthshire 004E,410
W01000607,Pembrokeshire 015C,411
W01001695,Cardiff 036B,412
W01001485,Torfaen 002D,413
W01001268,Rhondda Cynon Taf 007D,414
W01000362,Wrexham 006C,415
W01001018,Bridgend 002D,416
W01001290,Merthyr Tydfil 007A,417
W01001869,Cardiff 038A,418
W01001804,Cardiff 015B,419
W01001764,Cardiff 044A,420
W01001208,Rhondda Cynon Taf 006E,421
W01001388,Caerphilly 007D,422
W01001923,Carmarthenshire 026G,423
W01001289,Merthyr Tydfil 006A,424
W01001043,Bridgend 004E,425
W01001408,Caerphilly 016B,426
W01001685,Newport 014B,427
W01001374,Caerphilly 001A,428
W01000850,Swansea 021B,429
W01001154,Rhondda Cynon Taf 003D,430
W01001200,Rhondda Cynon Taf 014A,431
W01000356,Wrexham 017C,432
W01000999,Bridgend 010A,433
W01001634,Newport 019B,434
W01000423,Wrexham 012D,435
W01001249,Rhondda Cynon Taf 024A,436
W01000941,Neath Port Talbot 012B,437
W01001261,Rhondda Cynon Taf 018F,438
W01001312,Merthyr Tydfil 006E,439
W01001026,Bridgend 012D,440
W01001491,Torfaen 004A,441
W01000405,Wrexham 015B,442
W01001663,Newport 008C,443
W01000454,Powys 013A,444
W01001748,Cardiff 027B,445
W01000973,Neath Port Talbot 020F,446
W01001870,Cardiff 037A,447
W01001321,Merthyr Tydfil 007D,448
W01000298,Flintshire 001B,449
W01001592,Monmouthshire 008D,450
W01000263,Flintshire 017D,451
W01001322,Merthyr Tydfil 007E,452
W01001455,Blaenau Gwent 008F,453
W01001080,The Vale of Glamorgan 012F,454
W01000848,Swansea 001D,455
W01001211,Rhondda Cynon Taf 008C,456
W01001435,Blaenau Gwent 008A,457
W01000214,Denbighshire 002B,458
W01001167,Rhondda Cynon Taf 016B,459
W01001181,Rhondda Cynon Taf 015B,460
W01000372,Wrexham 008C,461
W01001353,Caerphilly 007B,462
W01001145,Rhondda Cynon Taf 012C,463
W01000641,Carmarthenshire 008A,464
W01001052,Bridgend 008F,465
W01001004,Bridgend 009A,466
W01001787,Cardiff 023C,467
W01000167,Conwy 011C,468
W01000480,Powys 008A,469
W01000314,Flintshire 016B,470
W01000881,Swansea 029C,471
W01001137,Rhondda Cynon Taf 005A,472
W01001378,Caerphilly 013B,473
W01000254,Flintshire 003B,474
W01000655,Carmarthenshire 020C,475
W01000355,Wrexham 017B,476
W01001293,Merthyr Tydfil 004B,477
W01000657,Carmarthenshire 010B,478
W01000633,Carmarthenshire 021B,479
W01001444,Blaenau Gwent 005B,480
W01001676,Newport 007B,481
W01001231,Rhondda Cynon Taf 017D,482
W01001929,Wrexham 012F,483
W01001044,Bridgend 019C,484
W01001034,Bridgend 003F,485
W01001816,Cardiff 009B,486
W01000604,Pembrokeshire 013E,487
W01000568,Pembrokeshire 005A,488
W01000169,Conwy 001D,489
W01001760,Cardiff 046B,490
W01001527,Torfaen 010C,491
W01000342,Wrexham 009B,492
W01001902,Powys 017G,493
W01000157,Conwy 004C,494
W01001311,Merthyr Tydfil 002F,495
W01001009,Bridgend 004C,496
W01001093,The Vale of Glamorgan 013C,497
W01000172,Conwy 013E,498
W01001265,Rhondda Cynon Taf 007A,499
W01000003,Isle of Anglesey 001A,500
W01001363,Caerphilly 012A,501
W01000767,Swansea 015E,502
W01001792,Cardiff 005B,503
W01000907,Neath Port Talbot 007B,504
W01000732,Carmarthenshire 026D,505
W01000350,Wrexham 011B,506
W01000287,Flintshire 001A,507
W01000588,Pembrokeshire 010B,508
W01001830,Cardiff 033B,509
W01001706,Cardiff 041B,510
W01001678,Newport 005D,511
W01001247,Rhondda Cynon Taf 016C,512
W01000360,Wrexham 019D,513
W01000411,Wrexham 015C,514
W01001454,Blaenau Gwent 008E,515
W01000865,Swansea 019D,516
W01001497,Torfaen 011A,517
W01000897,Neath Port Talbot 013D,518
W01000965,Neath Port Talbot 002C,519
W01001153,Rhondda Cynon Taf 002C,520
W01001331,Caerphilly 018B,521
W01000127,Conwy 009B,522
W01001216,Rhondda Cynon Taf 011D,523
W01001702,Cardiff 045A,524
W01000928,Neath Port Talbot 020C,525
W01001539,Torfaen 009E,526
W01001336,Caerphilly 004A,527
W01000168,Conwy 002B,528
W01000510,Ceredigion 009D,529
W01001449,Blaenau Gwent 002D,530
W01000143,Conwy 007B,531
W01001430,Caerphilly 015B,532
W01001010,Bridgend 012B,533
W01000626,Carmarthenshire 013B,534
W01000320,Flintshire 002B,535
W01000515,Ceredigion 003A,536
W01000479,Powys 009B,537
W01001645,Newport 015D,538
W01000658,Carmarthenshire 010C,539
W01001176,Rhondda Cynon Taf 013A,540
W01001448,Blaenau Gwent 002C,541
W01001025,Bridgend 003D,542
W01000654,Carmarthenshire 023B,543
W01001802,Cardiff 007A,544
W01001313,Merthyr Tydfil 006F,545
W01001066,The Vale of Glamorgan 015D,546
W01001286,Rhondda Cynon Taf 014E,547
W01001278,Rhondda Cynon Taf 028E,548
W01000229,Denbighshire 017E,549
W01001790,Cardiff 023F,550
W01001042,Bridgend 004D,551
W01001812,Cardiff 017C,552
W01001285,Rhondda Cynon Taf 014D,553
W01000714,Carmarthenshire 013D,554
W01001461,Blaenau Gwent 007F,555
W01001460,Blaenau Gwent 007E,556
W01001362,Caerphilly 003C,557
W01001335,Caerphilly 005B,558
W01001205,Rhondda Cynon Taf 006B,559
W01000695,Carmarthenshire 012B,560
W01000499,Powys 003B,561
W01001338,Caerphilly 004C,562
W01000945,Neath Port Talbot 014E,563
W01001909,Monmouthshire 002F,564
W01001051,Bridgend 008E,565
W01001898,Merthyr Tydfil 008F,566
W01001045,Bridgend 019D,567
W01001450,Blaenau Gwent 007A,568
W01001632,Newport 017D,569
W01001900,Neath Port Talbot 020G,570
W01001171,Rhondda Cynon Taf 017A,571
W01000608,Pembrokeshire 015D,572
W01001489,Torfaen 001C,573
W01001050,Bridgend 008D,574
W01001071,The Vale of Glamorgan 009D,575
W01000932,Neath Port Talbot 019A,576
W01001440,Blaenau Gwent 001A,577
W01000688,Carmarthenshire 003B,578
W01000352,Wrexham 010A,579
W01001046,Bridgend 018C,580
W01001297,Merthyr Tydfil 002C,581
W01000968,Neath Port Talbot 019D,582
W01001749,Cardiff 027C,583
W01000966,Neath Port Talbot 018E,584
W01000787,Swansea 016C,585
W01001178,Rhondda Cynon Taf 023A,586
W01001610,Newport 015C,587
W01001401,Caerphilly 011A,588
W01001410,Caerphilly 016D,589
W01000970,Neath Port Talbot 005D,590
W01000516,Ceredigion 003B,591
W01000348,Wrexham 006B,592
W01001235,Rhondda Cynon Taf 021F,593
W01000730,Carmarthenshire 018D,594
W01000293,Flintshire 004D,595
W01000112,Gwynedd 008D,596
W01000586,Pembrokeshire 006C,597
W01000944,Neath Port Talbot 002B,598
W01001800,Cardiff 005D,599
W01001270,Rhondda Cynon Taf 010B,600
W01001598,Monmouthshire 010F,601
W01001682,Newport 006C,602
W01001438,Blaenau Gwent 004A,603
W01000978,Bridgend 004B,604
W01001429,Caerphilly 001F,605
W01001445,Blaenau Gwent 005C,606
W01001605,Newport 014A,607
W01001272,Rhondda Cynon Taf 010D,608
W01000703,Carmarthenshire 022A,609
W01000152,Conwy 005D,610
W01001189,Rhondda Cynon Taf 029C,611
W01001182,Rhondda Cynon Taf 021A,612
W01001413,Caerphilly 017C,613
W01000749,Swansea 026A,614
W01001688,Newport 019C,615
W01001415,Caerphilly 008B,616
W01000262,Flintshire 017C,617
W01000893,Neath Port Talbot 003A,618
W01000381,Wrexham 012A,619
W01001220,Rhondda Cynon Taf 018D,620
W01001405,Caerphilly 011E,621
W01000078,Gwynedd 011C,622
W01000140,Conwy 010B,623
W01000176,Conwy 011D,624
W01000922,Neath Port Talbot 007C,625
W01001834,Cardiff 033E,626
W01000931,Neath Port Talbot 020E,627
W01000329,Flintshire 015D,628
W01001650,Newport 004E,629
W01001462,Blaenau Gwent 006A,630
W01000773,Swansea 005A,631
W01001384,Caerphilly 002C,632
W01000221,Denbighshire 003B,633
W01000953,Neath Port Talbot 005B,634
W01000056,Gwynedd 009A,635
W01000306,Flintshire 002A,636
W01001665,Newport 008D,637
W01001218,Rhondda Cynon Taf 018B,638
W01001395,Caerphilly 023C,639
W01000028,Isle of Anglesey 001D,640
W01001524,Torfaen 004D,641
W01001622,Newport 003F,642
W01001259,Rhondda Cynon Taf 018E,643
W01000637,Carmarthenshire 007A,644
W01001522,Torfaen 007D,645
W01000681,Carmarthenshire 011B,646
W01000220,Denbighshire 001C,647
W01001158,Rhondda Cynon Taf 028B,648
W01000111,Gwynedd 007C,649
W01000312,Flintshire 011B,650
W01000438,Powys 012A,651
W01000216,Denbighshire 002D,652
W01001061,The Vale of Glamorgan 015C,653
W01000589,Pembrokeshire 012A,654
W01000238,Denbighshire 006C,655
W01000980,Bridgend 016A,656
W01000750,Swansea 002A,657
W01000386,Wrexham 015A,658
W01000912,Neath Port Talbot 010A,659
W01000718,Carmarthenshire 010D,660
W01001355,Caerphilly 015A,661
W01001899,Powys 021F,662
W01000901,Neath Port Talbot 014D,663
W01000038,Isle of Anglesey 009D,664
W01001541,Torfaen 004F,665
W01000656,Carmarthenshire 010A,666
W01001168,Rhondda Cynon Taf 004B,667
W01001917,Rhondda Cynon Taf 023G,668
W01000273,Flintshire 007A,669
W01001013,Bridgend 005B,670
W01000063,Gwynedd 005A,671
W01000652,Carmarthenshire 020B,672
W01000636,Carmarthenshire 025B,673
W01000950,Neath Port Talbot 018B,674
W01001671,Newport 016D,675
W01001121,The Vale of Glamorgan 014E,676
W01000508,Ceredigion 009B,677
W01000419,Wrexham 016D,678
W01000085,Gwynedd 017C,679
W01000952,Neath Port Talbot 018D,680
W01001337,Caerphilly 004B,681
W01001521,Torfaen 007C,682
W01001139,Rhondda Cynon Taf 005C,683
W01000591,Pembrokeshire 012C,684
W01001487,Torfaen 001A,685
W01001148,Rhondda Cynon Taf 002A,686
W01001001,Bridgend 010C,687
W01001528,Torfaen 010D,688
W01001832,Cardiff 033C,689
W01001262,Rhondda Cynon Taf 022D,690
W01001281,Rhondda Cynon Taf 017F,691
W01001329,Caerphilly 014C,692
W01000697,Carmarthenshire 015A,693
W01000724,Carmarthenshire 011C,694
W01000809,Swansea 008A,695
W01001233,Rhondda Cynon Taf 001F,696
W01001175,Rhondda Cynon Taf 009A,697
W01001365,Caerphilly 012C,698
W01000374,Wrexham 003A,699
W01000366,Wrexham 014A,700
W01000194,Denbighshire 011A,701
W01000334,Flintshire 009C,702
W01000603,Pembrokeshire 013D,703
W01000891,Neath Port Talbot 015C,704
W01001713,Cardiff 040E,705
W01001152,Rhondda Cynon Taf 002B,706
W01000602,Pembrokeshire 013C,707
W01001686,Newport 014C,708
W01000332,Flintshire 009A,709
W01001833,Cardiff 033D,710
W01001258,Rhondda Cynon Taf 019E,711
W01000146,Conwy 001B,712
W01001330,Caerphilly 018A,713
W01000605,Pembrokeshire 013F,714
W01001250,Rhondda Cynon Taf 024B,715
W01001709,Cardiff 040A,716
W01001149,Rhondda Cynon Taf 003A,717
W01000852,Swansea 021D,718
W01000330,Flintshire 015E,719
W01000199,Denbighshire 011C,720
W01000022,Isle of Anglesey 004A,721
W01001314,Merthyr Tydfil 005A,722
W01001927,Conwy 010G,723
W01000753,Swansea 002D,724
W01001433,Caerphilly 013E,725
W01000683,Carmarthenshire 005C,726
W01001092,The Vale of Glamorgan 007B,727
W01000590,Pembrokeshire 012B,728
W01000672,Carmarthenshire 027E,729
W01000882,Swansea 029D,730
W01001957,Swansea 025G,731
W01000129,Conwy 012B,732
W01000841,Swansea 005C,733
W01000259,Flintshire 017A,734
W01000646,Carmarthenshire 003A,735
W01000702,Carmarthenshire 001D,736
W01001111,The Vale of Glamorgan 011E,737
W01001628,Newport 001F,738
W01001558,Monmouthshire 002C,739
W01000846,Swansea 001B,740
W01000948,Neath Port Talbot 004D,741
W01000009,Isle of Anglesey 007C,742
W01000587,Pembrokeshire 010A,743
W01000086,Gwynedd 008B,744
W01000927,Neath Port Talbot 020B,745
W01001234,Rhondda Cynon Taf 021E,746
W01000947,Neath Port Talbot 004C,747
W01000996,Bridgend 008A,748
W01001248,Rhondda Cynon Taf 016D,749
W01001283,Rhondda Cynon Taf 015D,750
W01000201,Denbighshire 008B,751
W01000145,Conwy 008B,752
W01001523,Torfaen 004C,753
W01000760,Swansea 013A,754
W01000065,Gwynedd 009B,755
W01000678,Carmarthenshire 002C,756
W01001155,Rhondda Cynon Taf 002D,757
W01001424,Caerphilly 024C,758
W01000754,Swansea 002E,759
W01001065,The Vale of Glamorgan 012B,760
W01001411,Caerphilly 017A,761
W01000746,Swansea 025C,762
W01000401,Wrexham 005D,763
W01001063,The Vale of Glamorgan 012A,764
W01001589,Monmouthshire 010E,765
W01000685,Carmarthenshire 001A,766
W01000097,Gwynedd 003D,767
W01001256,Rhondda Cynon Taf 019C,768
W01000566,Pembrokeshire 002C,769
W01001644,Newport 013C,770
W01001504,Torfaen 013A,771
W01000621,Pembrokeshire 016D,772
W01001477,Blaenau Gwent 009E,773
W01000719,Carmarthenshire 010E,774
W01001165,Rhondda Cynon Taf 019B,775
W01001187,Rhondda Cynon Taf 001B,776
W01001131,The Vale of Glamorgan 008C,777
W01000393,Wrexham 009C,778
W01001320,Merthyr Tydfil 007C,779
W01000408,Wrexham 013D,780
W01000909,Neath Port Talbot 009A,781
W01001068,The Vale of Glamorgan 009B,782
W01000246,Denbighshire 010B,783
W01001647,Newport 015F,784
W01001360,Caerphilly 002A,785
W01000218,Denbighshire 001A,786
W01001475,Blaenau Gwent 003D,787
W01000698,Carmarthenshire 015B,788
W01001164,Rhondda Cynon Taf 019A,789
W01000132,Conwy 001A,790
W01000761,Swansea 013B,791
W01001172,Rhondda Cynon Taf 020A,792
W01000802,Swansea 007D,793
W01001229,Rhondda Cynon Taf 017B,794
W01001478,Blaenau Gwent 006C,795
W01000632,Carmarthenshire 021A,796
W01000533,Ceredigion 010D,797
W01001437,Blaenau Gwent 008C,798
W01000117,Gwynedd 017E,799
W01001941,Cardiff 032G,800
W01000706,Carmarthenshire 025C,801
W01000717,Carmarthenshire 016E,802
W01001557,Monmouthshire 001C,803
W01001213,Rhondda Cynon Taf 011A,804
W01001878,Cardiff 011B,805
W01000522,Ceredigion 010B,806
W01000420,Wrexham 016E,807
W01000217,Denbighshire 008C,808
W01001099,The Vale of Glamorgan 013D,809
W01001551,Monmouthshire 010C,810
W01000048,Gwynedd 016A,811
W01000995,Bridgend 001E,812
W01000505,Powys 021E,813
W01001825,Cardiff 029D,814
W01001328,Caerphilly 014B,815
W01000617,Pembrokeshire 002F,816
W01001717,Cardiff 035D,817
W01000765,Swansea 015C,818
W01000542,Ceredigion 011F,819
W01000535,Ceredigion 008C,820
W01001939,Cardiff 032F,821
W01000851,Swansea 021C,822
W01001096,The Vale of Glamorgan 007E,823
W01001007,Bridgend 009D,824
W01001759,Cardiff 046A,825
W01000529,Ceredigion 007A,826
W01000740,Swansea 014C,827
W01001016,Bridgend 005C,828
W01000138,Conwy 008A,829
W01000913,Neath Port Talbot 010B,830
W01000166,Conwy 006D,831
W01000150,Conwy 005B,832
W01001033,Bridgend 003E,833
W01000567,Pembrokeshire 002D,834
W01000096,Gwynedd 003C,835
W01001350,Caerphilly 009C,836
W01000723,Carmarthenshire 012E,837
W01001611,Newport 011A,838
W01001038,Bridgend 011C,839
W01001370,Caerphilly 023A,840
W01000109,Gwynedd 012E,841
W01000402,Wrexham 011D,842
W01000536,Ceredigion 011E,843
W01001056,Bridgend 007D,844
W01001612,Newport 011B,845
W01000193,Denbighshire 015A,846
W01000531,Ceredigion 010C,847
W01000427,Powys 011A,848
W01000627,Carmarthenshire 013C,849
W01001383,Caerphilly 010D,850
W01001291,Merthyr Tydfil 003A,851
W01000031,Isle of Anglesey 001E,852
W01001486,Torfaen 002E,853
W01001566,Monmouthshire 005A,854
W01000426,Powys 021A,855
W01000599,Pembrokeshire 009D,856
W01000677,Carmarthenshire 004B,857
W01000887,Neath Port Talbot 005A,858
W01000629,Carmarthenshire 024B,859
W01001273,Rhondda Cynon Taf 010E,860
W01000001,Isle of Anglesey 007A,861
W01000208,Denbighshire 016C,862
W01000537,Ceredigion 008D,863
W01000894,Neath Port Talbot 013A,864
W01001603,Newport 012C,865
W01000253,Flintshire 003A,866
W01001296,Merthyr Tydfil 002B,867
W01001346,Caerphilly 020D,868
W01000205,Denbighshire 016B,869
W01001412,Caerphilly 017B,870
W01001863,Cardiff 022A,871
W01000847,Swansea 001C,872
W01000023,Isle of Anglesey 007D,873
W01000075,Gwynedd 002C,874
W01000869,Swansea 024C,875
W01000551,Ceredigion 010E,876
W01000946,Neath Port Talbot 004B,877
W01001710,Cardiff 040B,878
W01001786,Cardiff 023B,879
W01001101,The Vale of Glamorgan 013E,880
W01000528,Ceredigion 008B,881
W01000794,Swansea 010A,882
W01000696,Carmarthenshire 012C,883
W01000728,Carmarthenshire 003D,884
W01001391,Caerphilly 006F,885
W01001493,Torfaen 008A,886
W01001088,The Vale of Glamorgan 006C,887
W01000452,Powys 004B,888
W01001186,Rhondda Cynon Taf 001A,889
W01000113,Gwynedd 009C,890
W01000747,Swansea 024A,891
W01000071,Gwynedd 003B,892
W01001648,Newport 015G,893
W01000231,Denbighshire 017A,894
W01000820,Swansea 009D,895
W01000593,Pembrokeshire 010C,896
W01000134,Conwy 015B,897
W01000191,Denbighshire 009A,898
W01000725,Carmarthenshire 011D,899
W01001143,Rhondda Cynon Taf 012A,900
W01000898,Neath Port Talbot 014A,901
W01001925,Carmarthenshire 023F,902
W01001837,Cardiff 030C,903
W01000662,Carmarthenshire 016A,904
W01001432,Caerphilly 013D,905
W01000757,Swansea 017C,906
W01000971,Neath Port Talbot 004G,907
W01000871,Swansea 026B,908
W01001938,Swansea 025E,909
W01000066,Gwynedd 010A,910
W01001818,Cardiff 009D,911
W01000171,Conwy 013D,912
W01000424,Wrexham 012E,913
W01001562,Monmouthshire 003B,914
W01000024,Isle of Anglesey 007E,915
W01000546,Ceredigion 009F,916
W01001367,Caerphilly 019B,917
W01001649,Newport 004D,918
W01000319,Flintshire 016G,919
W01001932,Gwynedd 014E,920
W01000764,Swansea 015B,921
W01001304,Merthyr Tydfil 006D,922
W01000518,Ceredigion 003C,923
W01001829,Cardiff 033A,924
W01000361,Wrexham 019E,925
W01000105,Gwynedd 010C,926
W01000337,Flintshire 009F,927
W01000650,Carmarthenshire 002B,928
W01001102,The Vale of Glamorgan 013F,929
W01000821,Swansea 009E,930
W01000643,Carmarthenshire 006A,931
W01001580,Monmouthshire 002E,932
W01000006,Isle of Anglesey 006A,933
W01000060,Gwynedd 015B,934
W01001359,Caerphilly 006D,935
W01001161,Rhondda Cynon Taf 029B,936
W01000693,Carmarthenshire 008C,937
W01000283,Flintshire 008E,938
W01000763,Swansea 015A,939
W01001347,Caerphilly 005C,940
W01000032,Isle of Anglesey 002D,941
W01001403,Caerphilly 011C,942
W01000026,Isle of Anglesey 005D,943
W01000104,Gwynedd 008C,944
W01001446,Blaenau Gwent 002A,945
W01000544,Ceredigion 007C,946
W01000461,Powys 001A,947
W01001310,Merthyr Tydfil 002E,948
W01001373,Caerphilly 022C,949
W01001720,Cardiff 028C,950
W01000576,Pembrokeshire 011D,951
W01001269,Rhondda Cynon Taf 010A,952
W01001922,Cardiff 032E,953
W01000043,Isle of Anglesey 004E,954
W01001431,Caerphilly 015C,955
W01001814,Cardiff 017E,956
W01000164,Conwy 009F,957
W01001908,Monmouthshire 010G,958
W01000219,Denbighshire 001B,959
W01000687,Carmarthenshire 004C,960
W01001806,Cardiff 015D,961
W01000509,Ceredigion 009C,962
W01001416,Caerphilly 008C,963
W01000305,Flintshire 003F,964
W01000502,Powys 021C,965
W01000123,Conwy 013A,966
W01000630,Carmarthenshire 024C,967
W01000541,Ceredigion 008E,968
W01000021,Isle of Anglesey 002C,969
W01000559,Pembrokeshire 001B,970
W01000349,Wrexham 011A,971
W01000007,Isle of Anglesey 009A,972
W01001305,Merthyr Tydfil 003C,973
W01001366,Caerphilly 019A,974
W01000954,Neath Port Talbot 005C,975
W01001369,Caerphilly 012D,976
W01000959,Neath Port Talbot 017E,977
W01001439,Blaenau Gwent 004B,978
W01000539,Ceredigion 005D,979
W01000018,Isle of Anglesey 001C,980
W01001184,Rhondda Cynon Taf 026A,981
W01001129,The Vale of Glamorgan 004F,982
W01001520,Torfaen 007B,983
W01000713,Carmarthenshire 015E,984
W01001756,Cardiff 025B,985
W01001534,Torfaen 012C,986
W01000108,Gwynedd 012D,987
W01001824,Cardiff 029C,988
W01001587,Monmouthshire 008C,989
W01001195,Rhondda Cynon Taf 030C,990
W01000806,Swansea 003A,991
W01000456,Powys 013C,992
W01000919,Neath Port Talbot 020A,993
W01001452,Blaenau Gwent 007C,994
W01001472,Blaenau Gwent 003A,995
W01000647,Carmarthenshire 002A,996
W01001344,Caerphilly 020C,997
W01000774,Swansea 005B,998
W01000648,Carmarthenshire 006D,999
W01000400,Wrexham 005C,1000
W01000543,Ceredigion 011C,1001
W01000192,Denbighshire 016A,1002
W01001615,Newport 005B,1003
W01000496,Powys 021B,1004
W01000077,Gwynedd 001C,1005
W01001511,Torfaen 005B,1006
W01000487,Powys 012E,1007
W01001510,Torfaen 005A,1008
W01001000,Bridgend 010B,1009
W01000558,Pembrokeshire 001A,1010
W01000926,Neath Port Talbot 003C,1011
W01000691,Carmarthenshire 019B,1012
W01000974,Bridgend 006A,1013
W01000315,Flintshire 016C,1014
W01000628,Carmarthenshire 024A,1015
W01000351,Wrexham 005A,1016
W01000027,Isle of Anglesey 009C,1017
W01000037,Isle of Anglesey 003G,1018
W01000614,Pembrokeshire 008D,1019
W01000575,Pembrokeshire 008C,1020
W01000455,Powys 013B,1021
W01001951,Cardiff 049E,1022
W01000062,Gwynedd 001A,1023
W01001226,Rhondda Cynon Taf 031F,1024
W01001147,Rhondda Cynon Taf 004A,1025
W01001675,Newport 007A,1026
W01000918,Neath Port Talbot 002A,1027
W01000842,Swansea 005D,1028
W01000068,Gwynedd 016E,1029
W01000674,Carmarthenshire 027A,1030
W01000014,Isle of Anglesey 006C,1031
W01000949,Neath Port Talbot 018A,1032
W01000107,Gwynedd 010E,1033
W01001458,Blaenau Gwent 004E,1034
W01000571,Pembrokeshire 006A,1035
W01000803,Swansea 002F,1036
W01000755,Swansea 017A,1037
W01001204,Rhondda Cynon Taf 006A,1038
W01000222,Denbighshire 003C,1039
W01001680,Newport 007E,1040
W01001861,Cardiff 034D,1041
W01001564,Monmouthshire 003D,1042
W01000582,Pembrokeshire 004A,1043
W01000159,Conwy 014B,1044
W01000050,Gwynedd 003A,1045
W01001241,Rhondda Cynon Taf 026D,1046
W01000986,Bridgend 007A,1047
W01000689,Carmarthenshire 003C,1048
W01001470,Blaenau Gwent 001D,1049
W01001076,The Vale of Glamorgan 004B,1050
W01000584,Pembrokeshire 014C,1051
W01000701,Carmarthenshire 001C,1052
W01000471,Powys 014E,1053
W01000538,Ceredigion 005C,1054
W01001318,Merthyr Tydfil 005D,1055
W01000371,Wrexham 008B,1056
W01000035,Isle of Anglesey 005E,1057
W01000082,Gwynedd 015C,1058
W01000857,Swansea 022E,1059
W01000242,Denbighshire 014A,1060
W01000779,Swansea 012D,1061
W01001058,Bridgend 006C,1062
W01001236,Rhondda Cynon Taf 021G,1063
W01000309,Flintshire 019C,1064
W01001556,Monmouthshire 006B,1065
W01000232,Denbighshire 017B,1066
W01000313,Flintshire 016A,1067
W01001389,Caerphilly 007E,1068
W01000666,Carmarthenshire 017B,1069
W01000291,Flintshire 005B,1070
W01000209,Denbighshire 016D,1071
W01000635,Carmarthenshire 025A,1072
W01000489,Powys 017A,1073
W01001684,Newport 006E,1074
W01000579,Pembrokeshire 003A,1075
W01000979,Bridgend 015A,1076
W01001039,Bridgend 009E,1077
W01000297,Flintshire 003D,1078
W01000598,Pembrokeshire 009C,1079
W01000639,Carmarthenshire 007C,1080
W01001324,Merthyr Tydfil 003E,1081
W01001809,Cardiff 017A,1082
W01000829,Swansea 018C,1083
W01000519,Ceredigion 010A,1084
W01000595,Pembrokeshire 007C,1085
W01001419,Caerphilly 021D,1086
W01001599,Monmouthshire 004F,1087
W01000700,Carmarthenshire 027G,1088
W01000671,Carmarthenshire 018B,1089
W01000709,Carmarthenshire 004D,1090
W01001683,Newport 006D,1091
W01000808,Swansea 003C,1092
W01000064,Gwynedd 002A,1093
W01000412,Wrexham 015D,1094
W01000103,Gwynedd 005D,1095
W01000673,Carmarthenshire 027F,1096
W01000915,Neath Port Talbot 010D,1097
W01000667,Carmarthenshire 023C,1098
W01001263,Rhondda Cynon Taf 022E,1099
W01000563,Pembrokeshire 011B,1100
W01001492,Torfaen 012A,1101
W01001712,Cardiff 040D,1102
W01000574,Pembrokeshire 015A,1103
W01000645,Carmarthenshire 006C,1104
W01000189,Conwy 015F,1105
W01000185,Conwy 015E,1106
W01000550,Ceredigion 011G,1107
W01001906,Powys 001F,1108
W01000613,Pembrokeshire 001E,1109
W01000916,Neath Port Talbot 010E,1110
W01001840,Cardiff 007D,1111
W01000560,Pembrokeshire 001C,1112
W01000653,Carmarthenshire 023A,1113
W01001327,Caerphilly 014A,1114
W01000025,Isle of Anglesey 009B,1115
W01000110,Gwynedd 006D,1116
W01001240,Rhondda Cynon Taf 026C,1117
W01000422,Wrexham 008F,1118
W01001930,Wrexham 019F,1119
W01001567,Monmouthshire 005B,1120
W01000612,Pembrokeshire 003C,1121
W01001380,Caerphilly 010A,1122
W01000889,Neath Port Talbot 015A,1123
W01000395,Wrexham 016B,1124
W01001372,Caerphilly 022B,1125
W01000004,Isle of Anglesey 001B,1126
W01000720,Carmarthenshire 027B,1127
W01000364,Wrexham 006E,1128
W01000473,Powys 004C,1129
W01001726,Cardiff 028E,1130
W01000540,Ceredigion 005E,1131
W01000431,Powys 014A,1132
W01001463,Blaenau Gwent 006B,1133
W01001718,Cardiff 028A,1134
W01001912,Newport 020E,1135
W01001535,Torfaen 012D,1136
W01000433,Powys 006A,1137
W01000721,Carmarthenshire 027C,1138
W01001593,Monmouthshire 008E,1139
W01000500,Powys 003C,1140
W01000524,Ceredigion 005B,1141
W01001839,Cardiff 030E,1142
W01000716,Carmarthenshire 016D,1143
W01001865,Cardiff 022C,1144
W01000047,Gwynedd 011A,1145
W01000247,Denbighshire 010C,1146
W01000565,Pembrokeshire 002B,1147
W01000888,Neath Port Talbot 004A,1148
W01000162,Conwy 014C,1149
W01000269,Flintshire 020A,1150
W01000051,Gwynedd 015A,1151
W01001407,Caerphilly 016A,1152
W01000002,Isle of Anglesey 007B,1153
W01000114,Gwynedd 009D,1154
W01000341,Wrexham 009A,1155
W01000561,Pembrokeshire 001D,1156
W01000233,Denbighshire 017C,1157
W01001017,Bridgend 002C,1158
W01000449,Powys 011C,1159
W01000798,Swansea 010C,1160
W01000049,Gwynedd 016B,1161
W01000251,Flintshire 013A,1162
W01000460,Powys 006B,1163
W01000225,Denbighshire 009D,1164
W01000581,Pembrokeshire 003B,1165
W01001230,Rhondda Cynon Taf 017C,1166
W01000147,Conwy 001C,1167
W01000875,Swansea 026D,1168
W01001943,Cardiff 048B,1169
W01001357,Caerphilly 006B,1170
W01000618,Pembrokeshire 003D,1171
W01000501,Powys 003D,1172
W01001958,Swansea 025H,1173
W01001937,Ceredigion 001F,1174
W01000128,Conwy 009C,1175
W01000074,Gwynedd 013B,1176
W01001629,Newport 017A,1177
W01001146,Rhondda Cynon Taf 012D,1178
W01001722,Cardiff 028D,1179
W01000069,Gwynedd 013A,1180
W01000553,Pembrokeshire 011A,1181
W01001397,Caerphilly 019E,1182
W01001817,Cardiff 009C,1183
W01000311,Flintshire 011A,1184
W01000410,Wrexham 014D,1185
W01000474,Powys 020B,1186
W01000813,Swansea 008D,1187
W01000118,Gwynedd 007D,1188
W01000620,Pembrokeshire 016C,1189
W01000492,Powys 017D,1190
W01000735,Carmarthenshire 027D,1191
W01000354,Wrexham 017A,1192
W01001584,Monmouthshire 008B,1193
W01001594,Monmouthshire 007E,1194
W01000758,Swansea 017D,1195
W01000079,Gwynedd 013C,1196
W01000380,Wrexham 004D,1197
W01000731,Carmarthenshire 017C,1198
W01000878,Swansea 007F,1199
W01000190,Conwy 014D,1200
W01000572,Pembrokeshire 005D,1201
W01001228,Rhondda Cynon Taf 021D,1202
W01001257,Rhondda Cynon Taf 019D,1203
W01000153,Conwy 009D,1204
W01000338,Flintshire 001C,1205
W01001062,The Vale of Glamorgan 013A,1206
W01000121,Conwy 015A,1207
W01000081,Gwynedd 005B,1208
W01000057,Gwynedd 016C,1209
W01000692,Carmarthenshire 019C,1210
W01000486,Powys 011G,1211
W01001953,Cardiff 005G,1212
W01000034,Isle of Anglesey 004B,1213
W01001005,Bridgend 009B,1214
W01000122,Conwy 014A,1215
W01000256,Flintshire 015B,1216
W01001548,Monmouthshire 001B,1217
W01000545,Ceredigion 007D,1218
W01001354,Caerphilly 014D,1219
W01000532,Ceredigion 007B,1220
W01001028,Bridgend 014D,1221
W01000477,Powys 012D,1222
W01001515,Torfaen 006B,1223
W01001754,Cardiff 031D,1224
W01001674,Newport 009E,1225
W01000578,Pembrokeshire 014B,1226
W01001613,Newport 011C,1227
W01000448,Powys 011B,1228
W01000365,Wrexham 011C,1229
W01001576,Monmouthshire 004D,1230
W01000005,Isle of Anglesey 005A,1231
W01001377,Caerphilly 013A,1232
W01001246,Rhondda Cynon Taf 025D,1233
W01000227,Denbighshire 004B,1234
W01000089,Gwynedd 011D,1235
W01000470,Powys 001D,1236
W01000331,Flintshire 015F,1237
W01000442,Powys 004A,1238
W01001815,Cardiff 008D,1239
W01000642,Carmarthenshire 008B,1240
W01000391,Wrexham 003D,1241
W01000067,Gwynedd 016D,1242
W01000679,Carmarthenshire 002D,1243
W01001877,Cardiff 011A,1244
W01000873,Swansea 026C,1245
W01000040,Isle of Anglesey 004D,1246
W01000398,Wrexham 013A,1247
W01000434,Powys 007A,1248
W01000475,Powys 001E,1249
W01000497,Powys 005D,1250
W01001907,Powys 001G,1251
W01001716,Cardiff 035C,1252
W01001571,Monmouthshire 001D,1253
W01000377,Wrexham 004A,1254
W01000430,Powys 015A,1255
W01000684,Carmarthenshire 005D,1256
W01001442,Blaenau Gwent 001C,1257
W01000070,Gwynedd 012A,1258
W01000984,Bridgend 016D,1259
W01000494,Powys 015E,1260
W01000822,Swansea 009F,1261
W01000459,Powys 014D,1262
W01000651,Carmarthenshire 020A,1263
W01000997,Bridgend 012A,1264
W01000573,Pembrokeshire 006B,1265
W01000099,Gwynedd 005C,1266
W01001893,Cardiff 010B,1267
W01000445,Powys 015C,1268
W01000488,Powys 006C,1269
W01001891,Cardiff 020C,1270
W01001425,Caerphilly 024D,1271
W01000339,Flintshire 019D,1272
W01000623,Pembrokeshire 004D,1273
W01000275,Flintshire 007C,1274
W01001947,Cardiff 048E,1275
W01000136,Conwy 006B,1276
W01000664,Carmarthenshire 016C,1277
W01001077,The Vale of Glamorgan 004C,1278
W01000712,Carmarthenshire 015D,1279
W01000675,Carmarthenshire 012A,1280
W01001579,Monmouthshire 001E,1281
W01001399,Caerphilly 023E,1282
W01001316,Merthyr Tydfil 005B,1283
W01000295,Flintshire 005D,1284
W01000088,Gwynedd 007B,1285
W01001507,Torfaen 008D,1286
W01000308,Flintshire 020C,1287
W01000583,Pembrokeshire 004B,1288
W01000982,Bridgend 016C,1289
W01001831,Cardiff 030A,1290
W01001157,Rhondda Cynon Taf 028A,1291
W01000131,Conwy 012D,1292
W01000148,Conwy 015D,1293
W01000766,Swansea 015D,1294
W01001889,Cardiff 020B,1295
W01000464,Powys 011D,1296
W01001048,Bridgend 008B,1297
W01001108,The Vale of Glamorgan 014A,1298
W01000564,Pembrokeshire 011C,1299
W01000548,Ceredigion 001D,1300
W01000585,Pembrokeshire 007B,1301
W01000507,Ceredigion 009A,1302
W01000513,Ceredigion 002B,1303
W01001484,Torfaen 002C,1304
W01001264,Rhondda Cynon Taf 022F,1305
W01001040,Bridgend 009F,1306
W01000556,Pembrokeshire 008B,1307
W01001420,Caerphilly 022D,1308
W01000428,Powys 005A,1309
W01001151,Rhondda Cynon Taf 003C,1310
W01000523,Ceredigion 001C,1311
W01000039,Isle of Anglesey 004C,1312
W01001118,The Vale of Glamorgan 014C,1313
W01000266,Flintshire 017E,1314
W01001109,The Vale of Glamorgan 011C,1315
W01000271,Flintshire 006C,1316
W01000686,Carmarthenshire 001B,1317
W01001933,Gwynedd 017F,1318
W01000125,Conwy 013B,1319
W01001409,Caerphilly 016C,1320
W01000784,Swansea 007A,1321
W01001003,Bridgend 015D,1322
W01000484,Powys 011E,1323
W01000562,Pembrokeshire 002A,1324
W01000690,Carmarthenshire 019A,1325
W01000597,Pembrokeshire 002E,1326
W01001838,Cardiff 030D,1327
W01001568,Monmouthshire 005C,1328
W01000255,Flintshire 015A,1329
W01000359,Wrexham 019C,1330
W01000389,Wrexham 017D,1331
W01000224,Denbighshire 009C,1332
W01000083,Gwynedd 015D,1333
W01001882,Cardiff 011C,1334
W01000019,Isle of Anglesey 005C,1335
W01001490,Torfaen 001D,1336
W01000699,Carmarthenshire 015C,1337
W01000115,Gwynedd 003E,1338
W01000124,Conwy 012A,1339
W01000248,Denbighshire 008D,1340
W01000211,Denbighshire 012D,1341
W01000955,Neath Port Talbot 004E,1342
W01000230,Denbighshire 017F,1343
W01000917,Neath Port Talbot 010F,1344
W01001499,Torfaen 011C,1345
W01001672,Newport 009C,1346
W01000557,Pembrokeshire 014A,1347
W01000517,Ceredigion 002D,1348
W01000552,Ceredigion 011D,1349
W01001569,Monmouthshire 003E,1350
W01000547,Ceredigion 009G,1351
W01000663,Carmarthenshire 016B,1352
W01001858,Cardiff 034A,1353
W01000094,Gwynedd 012B,1354
W01000177,Conwy 011E,1355
W01000429,Powys 010A,1356
W01000137,Conwy 015C,1357
W01001505,Torfaen 013B,1358
W01000622,Pembrokeshire 008E,1359
W01000451,Powys 012B,1360
W01000843,Swansea 005E,1361
W01001244,Rhondda Cynon Taf 025B,1362
W01000727,Carmarthenshire 019E,1363
W01000170,Conwy 013C,1364
W01000577,Pembrokeshire 007A,1365
W01001724,Cardiff 032C,1366
W01001905,Powys 018H,1367
W01000453,Powys 010B,1368
W01001721,Cardiff 032A,1369
W01000458,Powys 002C,1370
W01001027,Bridgend 017C,1371
W01000258,Flintshire 006A,1372
W01000704,Carmarthenshire 022B,1373
W01000101,Gwynedd 013D,1374
W01000020,Isle of Anglesey 002B,1375
W01000457,Powys 002B,1376
W01001540,Torfaen 004E,1377
W01000347,Wrexham 006A,1378
W01000634,Carmarthenshire 021C,1379
W01000447,Powys 007C,1380
W01000905,Neath Port Talbot 006D,1381
W01001553,Monmouthshire 004B,1382
W01001859,Cardiff 034B,1383
W01000616,Pembrokeshire 011F,1384
W01001117,The Vale of Glamorgan 014B,1385
W01001252,Rhondda Cynon Taf 024D,1386
W01000206,Denbighshire 013C,1387
W01000796,Swansea 006B,1388
W01000095,Gwynedd 012C,1389
W01000294,Flintshire 005C,1390
W01001626,Newport 001D,1391
W01000084,Gwynedd 014D,1392
W01001747,Cardiff 027A,1393
W01000682,Carmarthenshire 005B,1394
W01000073,Gwynedd 008A,1395
W01000923,Neath Port Talbot 007D,1396
W01000797,Swansea 010B,1397
W01000390,Wrexham 020C,1398
W01000252,Flintshire 010A,1399
W01001913,Newport 020F,1400
W01001306,Merthyr Tydfil 003D,1401
W01000694,Carmarthenshire 008D,1402
W01001122,The Vale of Glamorgan 014F,1403
W01001417,Caerphilly 008D,1404
W01001012,Bridgend 005A,1405
W01001836,Cardiff 030B,1406
W01000596,Pembrokeshire 007D,1407
W01001030,Bridgend 019B,1408
W01000012,Isle of Anglesey 006B,1409
W01000280,Flintshire 010B,1410
W01000279,Flintshire 008C,1411
W01000363,Wrexham 006D,1412
W01000506,Ceredigion 005A,1413
W01001495,Torfaen 008C,1414
W01001822,Cardiff 029A,1415
W01000676,Carmarthenshire 004A,1416
W01000080,Gwynedd 014C,1417
W01000383,Wrexham 020A,1418
W01000555,Pembrokeshire 008A,1419
W01000554,Pembrokeshire 009A,1420
W01000472,Powys 012C,1421
W01000375,Wrexham 003B,1422
W01000580,Pembrokeshire 009B,1423
W01001214,Rhondda Cynon Taf 011B,1424
W01000119,Gwynedd 004D,1425
W01001757,Cardiff 025C,1426
W01000649,Carmarthenshire 006E,1427
W01000183,Conwy 008E,1428
W01000126,Conwy 009A,1429
W01000759,Swansea 012A,1430
W01001379,Caerphilly 013C,1431
W01001950,Cardiff 049D,1432
W01000933,Neath Port Talbot 019B,1433
W01001011,Bridgend 012C,1434
W01001382,Caerphilly 010C,1435
W01000100,Gwynedd 010B,1436
W01001583,Monmouthshire 007B,1437
W01000485,Powys 011F,1438
W01000261,Flintshire 014C,1439
W01000680,Carmarthenshire 011A,1440
W01001897,Powys 020D,1441
W01000877,Swansea 007E,1442
W01000902,Neath Port Talbot 006A,1443
W01000053,Gwynedd 004B,1444
W01000775,Swansea 030A,1445
W01000771,Swansea 020D,1446
W01000116,Gwynedd 017D,1447
W01000281,Flintshire 008D,1448
W01001559,Monmouthshire 008A,1449
W01000076,Gwynedd 001B,1450
W01001582,Monmouthshire 011D,1451
W01000892,Neath Port Talbot 015D,1452
W01000072,Gwynedd 002B,1453
W01001500,Torfaen 011D,1454
W01000310,Flintshire 020D,1455
W01000938,Neath Port Talbot 008C,1456
W01000609,Pembrokeshire 014D,1457
W01000450,Powys 014C,1458
W01001864,Cardiff 022B,1459
W01001677,Newport 007C,1460
W01000446,Powys 015D,1461
W01001944,Cardiff 048C,1462
W01001563,Monmouthshire 003C,1463
W01000188,Conwy 002D,1464
W01001752,Cardiff 031B,1465
W01000388,Wrexham 008E,1466
W01001517,Torfaen 006D,1467
W01000267,Flintshire 017F,1468
W01001242,Rhondda Cynon Taf 030D,1469
W01001423,Caerphilly 024B,1470
W01000301,Flintshire 006E,1471
W01000443,Powys 015B,1472
W01001190,Rhondda Cynon Taf 029D,1473
W01000276,Flintshire 008A,1474
W01000277,Flintshire 008B,1475
W01000644,Carmarthenshire 006B,1476
W01001125,The Vale of Glamorgan 005D,1477
W01001608,Newport 008B,1478
W01000345,Wrexham 018A,1479
W01000106,Gwynedd 010D,1480
W01001542,Monmouthshire 009A,1481
W01000155,Conwy 004A,1482
W01001725,Cardiff 032D,1483
W01000200,Denbighshire 008A,1484
W01000010,Isle of Anglesey 002A,1485
W01001789,Cardiff 023E,1486
W01001888,Cardiff 010A,1487
W01000503,Powys 020C,1488
W01000054,Gwynedd 007A,1489
W01001758,Cardiff 025D,1490
W01001654,Newport 002D,1491
W01000569,Pembrokeshire 005B,1492
W01000404,Wrexham 018D,1493
W01000476,Powys 005C,1494
W01001940,Cardiff 048A,1495
W01000130,Conwy 012C,1496
W01000418,Wrexham 020E,1497
W01001914,Rhondda Cynon Taf 023F,1498
W01001508,Torfaen 013C,1499
W01001781,Cardiff 026C,1500
W01001755,Cardiff 025A,1501
W01000439,Powys 007B,1502
W01001392,Caerphilly 009D,1503
W01001047,Bridgend 018D,1504
W01000260,Flintshire 017B,1505
W01000610,Pembrokeshire 016A,1506
W01001124,The Vale of Glamorgan 005C,1507
W01001616,Newport 005C,1508
W01001945,Cardiff 048D,1509
W01000156,Conwy 004B,1510
W01000207,Denbighshire 015C,1511
W01000272,Flintshire 006D,1512
W01000444,Powys 002A,1513
W01000876,Swansea 026E,1514
W01001860,Cardiff 034C,1515
W01000624,Carmarthenshire 005A,1516
W01000467,Powys 010D,1517
W01000202,Denbighshire 015B,1518
W01000883,Neath Port Talbot 016A,1519
W01001904,Powys 018G,1520
W01000715,Carmarthenshire 013E,1521
W01000223,Denbighshire 009B,1522
W01001537,Torfaen 007E,1523
W01001565,Monmouthshire 006D,1524
W01000466,Powys 010C,1525
W01000465,Powys 018E,1526
W01000235,Denbighshire 017D,1527
W01001575,Monmouthshire 005D,1528
W01001514,Torfaen 006A,1529
W01000611,Pembrokeshire 004C,1530
W01000403,Wrexham 018C,1531
W01001191,Rhondda Cynon Taf 031A,1532
W01001921,Bridgend 017H,1533
W01001770,Cardiff 018B,1534
W01001199,Rhondda Cynon Taf 027E,1535
W01001029,Bridgend 019A,1536
W01001775,Cardiff 021B,1537
W01000776,Swansea 030B,1538
W01000440,Powys 020A,1539
W01001844,Cardiff 003D,1540
W01000619,Pembrokeshire 016B,1541
W01001926,Conwy 011F,1542
W01000212,Denbighshire 003A,1543
W01001126,The Vale of Glamorgan 005E,1544
W01000722,Carmarthenshire 012D,1545
W01001560,Monmouthshire 006C,1546
W01000910,Neath Port Talbot 009B,1547
W01000093,Gwynedd 006B,1548
W01001434,Caerphilly 013F,1549
W01001554,Monmouthshire 004C,1550
W01001059,The Vale of Glamorgan 015A,1551
W01000482,Powys 008C,1552
W01001104,The Vale of Glamorgan 004E,1553
W01000415,Wrexham 007C,1554
W01000087,Gwynedd 004C,1555
W01001588,Monmouthshire 010D,1556
W01000340,Flintshire 002C,1557
W01000768,Swansea 020A,1558
W01000983,Bridgend 015B,1559
W01000828,Swansea 018B,1560
W01001398,Caerphilly 024A,1561
W01001572,Monmouthshire 011A,1562
W01000751,Swansea 002B,1563
W01001631,Newport 017C,1564
W01000346,Wrexham 018B,1565
W01000264,Flintshire 012A,1566
W01000141,Conwy 010C,1567
W01000270,Flintshire 006B,1568
W01000615,Pembrokeshire 011E,1569
W01001343,Caerphilly 021B,1570
W01001596,Monmouthshire 006E,1571
W01001679,Newport 007D,1572
W01000052,Gwynedd 004A,1573
W01000042,Isle of Anglesey 008D,1574
W01000549,Ceredigion 001E,1575
W01001715,Cardiff 035B,1576
W01000816,Swansea 003F,1577
W01000203,Denbighshire 013A,1578
W01000815,Swansea 003E,1579
W01001494,Torfaen 008B,1580
W01000998,Bridgend 011A,1581
W01000300,Flintshire 019B,1582
W01000289,Flintshire 005A,1583
W01000376,Wrexham 003C,1584
W01000322,Flintshire 014E,1585
W01001160,Rhondda Cynon Taf 029A,1586
W01000210,Denbighshire 016E,1587
W01001743,Cardiff 043B,1588
W01000989,Bridgend 013A,1589
W01001623,Newport 001A,1590
W01000527,Ceredigion 008A,1591
W01000534,Ceredigion 011B,1592
W01000243,Denbighshire 014B,1593
W01000441,Powys 005B,1594
W01001128,The Vale of Glamorgan 001C,1595
W01001319,Merthyr Tydfil 007B,1596
W01000899,Neath Port Talbot 014B,1597
W01000265,Flintshire 012B,1598
W01001107,The Vale of Glamorgan 011B,1599
W01001198,Rhondda Cynon Taf 027D,1600
W01000786,Swansea 007C,1601
W01000394,Wrexham 016A,1602
W01001581,Monmouthshire 005E,1603
W01001518,Torfaen 006E,1604
W01001227,Rhondda Cynon Taf 021C,1605
W01001658,Newport 020D,1606
W01001606,Newport 008A,1607
W01001277,Rhondda Cynon Taf 028D,1608
W01001641,Newport 004C,1609
W01000154,Conwy 003A,1610
W01001294,Merthyr Tydfil 003B,1611
W01001170,Rhondda Cynon Taf 004D,1612
W01000807,Swansea 003B,1613
W01000969,Neath Port Talbot 009D,1614
W01000102,Gwynedd 002E,1615
W01001595,Monmouthshire 007F,1616
W01001637,Newport 016B,1617
W01001349,Caerphilly 009B,1618
W01001791,Cardiff 005A,1619
W01000197,Denbighshire 012C,1620
W01000158,Conwy 004D,1621
W01000911,Neath Port Talbot 009C,1622
W01001127,The Vale of Glamorgan 001B,1623
W01000906,Neath Port Talbot 007A,1624
W01000299,Flintshire 019A,1625
W01001820,Cardiff 006A,1626
W01001502,Torfaen 011E,1627
W01000819,Swansea 009C,1628
W01001640,Newport 004B,1629
W01001105,The Vale of Glamorgan 001A,1630
W01000245,Denbighshire 010A,1631
W01001773,Cardiff 012A,1632
W01001745,Cardiff 043D,1633
W01000011,Isle of Anglesey 008B,1634
W01001115,The Vale of Glamorgan 008B,1635
W01000845,Swansea 001A,1636
W01000710,Carmarthenshire 021D,1637
W01001549,Monmouthshire 007A,1638
W01000772,Swansea 018A,1639
W01000133,Conwy 002A,1640
W01001196,Rhondda Cynon Taf 027B,1641
W01001949,Cardiff 005F,1642
W01001342,Caerphilly 021A,1643
W01000367,Wrexham 014B,1644
W01001134,The Vale of Glamorgan 008F,1645
W01001037,Bridgend 013B,1646
W01000839,Swansea 030C,1647
W01000778,Swansea 012C,1648
W01001082,The Vale of Glamorgan 002A,1649
W01001119,The Vale of Glamorgan 003B,1650
W01000795,Swansea 006A,1651
W01001934,Ceredigion 002F,1652
W01001719,Cardiff 028B,1653
W01001901,Powys 017F,1654
W01001132,The Vale of Glamorgan 008D,1655
W01000861,Swansea 027D,1656
W01000854,Swansea 022B,1657
W01001041,Bridgend 013C,1658
W01001032,Bridgend 018B,1659
W01001133,The Vale of Glamorgan 008E,1660
W01001356,Caerphilly 006A,1661
W01001625,Newport 001C,1662
W01000204,Denbighshire 013B,1663
W01001135,The Vale of Glamorgan 003C,1664
W01000179,Conwy 010F,1665
W01000825,Swansea 031C,1666
W01000943,Neath Port Talbot 012D,1667
W01001655,Newport 002E,1668
W01001123,The Vale of Glamorgan 005B,1669
W01000826,Swansea 031D,1670
W01000323,Flintshire 012C,1671
W01001113,The Vale of Glamorgan 003A,1672
W01000013,Isle of Anglesey 005B,1673
W01000859,Swansea 027B,1674
W01001578,Monmouthshire 009C,1675
W01001110,The Vale of Glamorgan 011D,1676
W01000286,Flintshire 013E,1677
W01000139,Conwy 007A,1678
W01001284,Rhondda Cynon Taf 015E,1679
W01000399,Wrexham 013B,1680
W01000737,Swansea 028B,1681
W01001590,Monmouthshire 009D,1682
W01000370,Wrexham 020G,1683
W01000908,Neath Port Talbot 006E,1684
W01000061,Gwynedd 011B,1685
W01001545,Monmouthshire 001A,1686
W01000956,Neath Port Talbot 004F,1687
W01000369,Wrexham 020F,1688
W01001136,The Vale of Glamorgan 003D,1689
W01000284,Flintshire 013C,1690
W01001089,The Vale of Glamorgan 006D,1691
W01000481,Powys 008B,1692
W01001351,Caerphilly 005D,1693
W01000800,Swansea 006C,1694
W01001159,Rhondda Cynon Taf 028C,1695
W01000092,Gwynedd 001E,1696
W01001072,The Vale of Glamorgan 009E,1697
W01001890,Cardiff 021D,1698
W01000874,Swansea 024F,1699
W01000384,Wrexham 020B,1700
W01000769,Swansea 020B,1701
W01001653,Newport 002C,1702
W01000407,Wrexham 016C,1703
W01001085,The Vale of Glamorgan 002D,1704
W01000493,Powys 017E,1705
W01001054,Bridgend 018F,1706
W01000777,Swansea 012B,1707
W01001903,Powys 018F,1708
W01001826,Cardiff 024B,1709
W01001031,Bridgend 018A,1710
W01001390,Caerphilly 006E,1711
W01001555,Monmouthshire 006A,1712
W01001053,Bridgend 018E,1713
W01001008,Bridgend 011B,1714
W01001729,Cardiff 014C,1715
W01000385,Wrexham 014C,1716
W01000142,Conwy 010D,1717
W01000196,Denbighshire 012B,1718
W01001006,Bridgend 009C,1719
W01000792,Swansea 004B,1720
W01000791,Swansea 004A,1721
W01001627,Newport 001E,1722
W01001245,Rhondda Cynon Taf 025C,1723
W01001078,The Vale of Glamorgan 004D,1724
W01001714,Cardiff 035A,1725
W01001796,Cardiff 002C,1726
W01001084,The Vale of Glamorgan 002C,1727
W01001340,Caerphilly 020A,1728
W01001935,Ceredigion 003E,1729
W01001635,Newport 016A,1730
W01001636,Newport 020A,1731
W01001772,Cardiff 021A,1732
W01000015,Isle of Anglesey 008C,1733
W01000793,Swansea 004C,1734
W01000257,Flintshire 015C,1735
W01001120,The Vale of Glamorgan 014D,1736
W01001915,Rhondda Cynon Taf 027F,1737
W01001797,Cardiff 005C,1738
W01000044,Isle of Anglesey 004F,1739
W01000173,Conwy 003B,1740
W01001533,Torfaen 012B,1741
W01001841,Cardiff 003A,1742
W01000325,Flintshire 010D,1743
W01001920,Bridgend 017G,1744
W01000726,Carmarthenshire 019D,1745
W01000870,Swansea 024D,1746
W01001846,Cardiff 006C,1747
W01001727,Cardiff 014A,1748
W01001851,Cardiff 012D,1749
W01001223,Rhondda Cynon Taf 031C,1750
W01000180,Conwy 008C,1751
W01001404,Caerphilly 011D,1752
W01001426,Caerphilly 024E,1753
W01001513,Torfaen 005D,1754
W01000268,Flintshire 013B,1755
W01001600,Newport 012A,1756
W01001574,Monmouthshire 011C,1757
W01000326,Flintshire 018B,1758
W01000782,Swansea 023C,1759
W01000903,Neath Port Talbot 006B,1760
W01000640,Carmarthenshire 007D,1761
W01000327,Flintshire 018C,1762
W01001060,The Vale of Glamorgan 015B,1763
W01001624,Newport 001B,1764
W01001776,Cardiff 021C,1765
W01001639,Newport 004A,1766
W01001573,Monmouthshire 011B,1767
W01001193,Rhondda Cynon Taf 030A,1768
W01001604,Newport 012D,1769
W01001083,The Vale of Glamorgan 002B,1770
W01001075,The Vale of Glamorgan 004A,1771
W01000855,Swansea 022C,1772
W01000890,Neath Port Talbot 015B,1773
W01001821,Cardiff 024A,1774
W01000316,Flintshire 016D,1775
W01001936,Ceredigion 003F,1776
W01000665,Carmarthenshire 017A,1777
W01001780,Cardiff 026B,1778
W01000215,Denbighshire 002C,1779
W01000195,Denbighshire 012A,1780
W01000008,Isle of Anglesey 008A,1781
W01000285,Flintshire 013D,1782
W01001036,Bridgend 017D,1783
W01000824,Swansea 031B,1784
W01001225,Rhondda Cynon Taf 031E,1785
W01000837,Swansea 004D,1786
W01000525,Ceredigion 011A,1787
W01001892,Cardiff 020D,1788
W01001197,Rhondda Cynon Taf 027C,1789
W01001657,Newport 020C,1790
W01001156,Rhondda Cynon Taf 003E,1791
W01001087,The Vale of Glamorgan 006B,1792
W01001828,Cardiff 024D,1793
W01000785,Swansea 007B,1794
W01001823,Cardiff 029B,1795
W01000368,Wrexham 008A,1796
W01001670,Newport 009B,1797
W01000858,Swansea 027A,1798
W01001090,The Vale of Glamorgan 006E,1799
W01001894,Cardiff 010C,1800
W01000432,Powys 014B,1801
W01001843,Cardiff 003C,1802
W01001116,The Vale of Glamorgan 005A,1803
W01000840,Swansea 030D,1804
W01000417,Wrexham 020D,1805
W01000512,Ceredigion 002A,1806
W01000175,Conwy 003D,1807
W01001597,Monmouthshire 006F,1808
W01001842,Cardiff 003B,1809
W01000344,Wrexham 007B,1810
W01001091,The Vale of Glamorgan 010A,1811
W01001819,Cardiff 014D,1812
W01001543,Monmouthshire 009B,1813
W01001782,Cardiff 026D,1814
W01001112,The Vale of Glamorgan 011F,1815
W01000307,Flintshire 020B,1816
W01000181,Conwy 008D,1817
W01001098,The Vale of Glamorgan 010B,1818
W01000985,Bridgend 015C,1819
W01000770,Swansea 020C,1820
W01001194,Rhondda Cynon Taf 030B,1821
W01001735,Cardiff 019D,1822
W01000174,Conwy 003C,1823
W01000880,Swansea 029B,1824
W01000324,Flintshire 012D,1825
W01001848,Cardiff 012B,1826
W01001651,Newport 002A,1827
W01000736,Swansea 028A,1828
W01001784,Cardiff 026F,1829
W01001799,Cardiff 001D,1830
W01000853,Swansea 022A,1831
W01000165,Conwy 006C,1832
W01001798,Cardiff 002D,1833
W01000135,Conwy 006A,1834
W01001638,Newport 016C,1835
W01001512,Torfaen 005C,1836
W01000387,Wrexham 008D,1837
W01000302,Flintshire 013F,1838
W01001916,Rhondda Cynon Taf 027G,1839
W01001673,Newport 009D,1840
W01001509,Torfaen 013D,1841
W01001394,Caerphilly 023B,1842
W01000249,Flintshire 014A,1843
W01001224,Rhondda Cynon Taf 031D,1844
W01001849,Cardiff 004A,1845
W01001106,The Vale of Glamorgan 011A,1846
W01000250,Flintshire 014B,1847
W01001591,Monmouthshire 011E,1848
W01001896,Cardiff 020E,1849
W01000244,Denbighshire 014C,1850
W01000416,Wrexham 007D,1851
W01000282,Flintshire 010C,1852
W01001827,Cardiff 024C,1853
W01000860,Swansea 027C,1854
W01001561,Monmouthshire 003A,1855
W01001114,The Vale of Glamorgan 008A,1856
W01001602,Newport 012B,1857
W01001793,Cardiff 002A,1858
W01001779,Cardiff 026A,1859
W01001732,Cardiff 019A,1860
W01001552,Monmouthshire 004A,1861
W01000872,Swansea 024E,1862
W01001794,Cardiff 001C,1863
W01001919,Bridgend 017F,1864
W01001733,Cardiff 019B,1865
W01001100,The Vale of Glamorgan 010C,1866
W01001130,The Vale of Glamorgan 005F,1867
W01000303,Flintshire 018A,1868
W01001771,Cardiff 018C,1869
W01001669,Newport 009A,1870
W01000321,Flintshire 014D,1871
W01001103,The Vale of Glamorgan 010D,1872
W01000804,Swansea 028C,1873
W01001777,Cardiff 001A,1874
W01001734,Cardiff 019C,1875
W01000904,Neath Port Talbot 006C,1876
W01000868,Swansea 024B,1877
W01001427,Caerphilly 024F,1878
W01000827,Swansea 031E,1879
W01001854,Cardiff 004D,1880
W01001086,The Vale of Glamorgan 006A,1881
W01001956,Swansea 023E,1882
W01000805,Swansea 028D,1883
W01001774,Cardiff 018D,1884
W01000823,Swansea 031A,1885
W01001778,Cardiff 001B,1886
W01001728,Cardiff 014B,1887
W01001783,Cardiff 026E,1888
W01001850,Cardiff 012C,1889
W01001847,Cardiff 006D,1890
W01000396,Wrexham 020H,1891
W01001586,Monmouthshire 007D,1892
W01001954,Cardiff 006F,1893
W01001853,Cardiff 004C,1894
W01001887,Cardiff 020A,1895
W01000317,Flintshire 016E,1896
W01001852,Cardiff 004B,1897
W01000879,Swansea 029A,1898
W01001918,Bridgend 017E,1899
W01001948,Cardiff 006E,1900
W01000343,Wrexham 007A,1901
W01001731,Cardiff 008B,1902
W01001736,Cardiff 008C,1903
W01000397,Wrexham 020I,1904
W01001769,Cardiff 018A,1905
W01001795,Cardiff 002B,1906
W01001730,Cardiff 008A,1907
W01000781,Swansea 023B,1908
W01001585,Monmouthshire 007C,1909
